﻿inchikey,source,synonym
"AELCINSCMGFISI-BDAKNGLRSA-N,Wikidata,""(1S,2R)-2-fenylocyklopropano-1-amina"""
"AELCINSCMGFISI-BDAKNGLRSA-N,Wikidata,""(1S,2R)-2-phenylcyclopropan-1-amine"""
AELCINSCMGFISI-BDAKNGLRSA-N,Wikidata,trans-(âˆ’)-tranylcypromine
"AHOUBRCZNHFOSL-YOEHRIQHSA-N,Wikidata,""(-)-(3S,4R)-4-(P-Fluorophenyl)-3-((3,4-(methylenedioxy)phenoxy)methyl)piperidine"""
"AHOUBRCZNHFOSL-YOEHRIQHSA-N,Wikidata,""(-)-(3S,4R)-4-(p-fluorophenyl)-3-{[3,4-(methylenedioxy)phenoxy]methyl}piperidine"""
"AHOUBRCZNHFOSL-YOEHRIQHSA-N,Wikidata,""(3S-trans)-3-((1,3-Benzodioxol-5-yloxy)methyl)-4-(4-fluorophenyl)piperidine"""
"AHOUBRCZNHFOSL-YOEHRIQHSA-N,Wikidata,""(3S-trans)-3-[(1,3-benzodioxol-5-yloxy)methyl]-4-(4-fluorophenyl)piperidine"""
"AHOUBRCZNHFOSL-YOEHRIQHSA-N,Wikidata,""(âˆ’)-(3S,4R)-4-(p-fluorophenyl)-3-{[3,4-(methylenedioxy)phenoxy]methyl}piperidine"""
AHOUBRCZNHFOSL-YOEHRIQHSA-N,Wikidata,Aropax
AHOUBRCZNHFOSL-YOEHRIQHSA-N,Wikidata,Aroxat
AHOUBRCZNHFOSL-YOEHRIQHSA-N,Wikidata,BRL-29060
AHOUBRCZNHFOSL-YOEHRIQHSA-N,Wikidata,Benepax
AHOUBRCZNHFOSL-YOEHRIQHSA-N,Wikidata,C19H20F1N1O3
AHOUBRCZNHFOSL-YOEHRIQHSA-N,Wikidata,Cloridrato de paroxetina
AHOUBRCZNHFOSL-YOEHRIQHSA-N,Wikidata,Daparox
AHOUBRCZNHFOSL-YOEHRIQHSA-N,Wikidata,Deroxat
AHOUBRCZNHFOSL-YOEHRIQHSA-N,Wikidata,Dropaxin
AHOUBRCZNHFOSL-YOEHRIQHSA-N,Wikidata,Eutimil
AHOUBRCZNHFOSL-YOEHRIQHSA-N,Wikidata,Loxamine
AHOUBRCZNHFOSL-YOEHRIQHSA-N,Wikidata,Optipar
AHOUBRCZNHFOSL-YOEHRIQHSA-N,Wikidata,Oxetine
AHOUBRCZNHFOSL-YOEHRIQHSA-N,Wikidata,Paroxetin
AHOUBRCZNHFOSL-YOEHRIQHSA-N,Wikidata,Paroxetina
AHOUBRCZNHFOSL-YOEHRIQHSA-N,Wikidata,Paroxetinum
AHOUBRCZNHFOSL-YOEHRIQHSA-N,Wikidata,Paxil
AHOUBRCZNHFOSL-YOEHRIQHSA-N,Wikidata,Paxil [as hydrochloride]
AHOUBRCZNHFOSL-YOEHRIQHSA-N,Wikidata,Pondera
AHOUBRCZNHFOSL-YOEHRIQHSA-N,Wikidata,Sereupin
AHOUBRCZNHFOSL-YOEHRIQHSA-N,Wikidata,Seroxat
AHOUBRCZNHFOSL-YOEHRIQHSA-N,Wikidata,Zeloft
AHOUBRCZNHFOSL-YOEHRIQHSA-N,Wikidata,paroxetine
AHOUBRCZNHFOSL-YOEHRIQHSA-N,Wikidata,seroxat
AHOUBRCZNHFOSL-YOEHRIQHSA-N,Wikidata,ÐÐ´ÐµÐ¿Ñ€ÐµÑÑ
AHOUBRCZNHFOSL-YOEHRIQHSA-N,Wikidata,ÐÐ´ÑÐ¿Ñ€ÑÑ
AHOUBRCZNHFOSL-YOEHRIQHSA-N,Wikidata,ÐŸÐ»Ð¸Ð·Ð¸Ð»
AHOUBRCZNHFOSL-YOEHRIQHSA-N,Wikidata,ÐŸÐ»Ñ–Ð·Ñ–Ð»
AHOUBRCZNHFOSL-YOEHRIQHSA-N,Wikidata,Ð ÐµÐºÑÐµÑ‚Ð¸Ð½
AHOUBRCZNHFOSL-YOEHRIQHSA-N,Wikidata,Ð ÐµÐºÑÐ¸Ñ‚Ð¸Ð½
AHOUBRCZNHFOSL-YOEHRIQHSA-N,Wikidata,Ð ÑÐºÑÑÑ‚Ñ‹Ð½
AHOUBRCZNHFOSL-YOEHRIQHSA-N,Wikidata,Ð ÑÐºÑÑ–Ñ‚Ñ‹Ð½
AHOUBRCZNHFOSL-YOEHRIQHSA-N,Wikidata,Ø§Ù„Ø¨Ø§Ø±ÙˆÙƒØ³ØªÙŠÙ†
AHOUBRCZNHFOSL-YOEHRIQHSA-N,Wikidata,Ø¨Ø§Ø±ÙˆØ§ÙƒØ³ÙŠØªÙŠÙ†
AHOUBRCZNHFOSL-YOEHRIQHSA-N,Wikidata,Ø¨Ø§ÙƒØ³ÙŠÙ„
AHOUBRCZNHFOSL-YOEHRIQHSA-N,Wikidata,Ø³ÙŠØ±ÙˆÙƒØ³Ø§Øª
AHOUBRCZNHFOSL-YOEHRIQHSA-N,Wikidata,ãƒ‘ã‚­ã‚·ãƒ«
AHOUBRCZNHFOSL-YOEHRIQHSA-N,Wikidata,ãƒ‘ãƒ­ã‚­ã‚»ãƒãƒ³æ°´å’Œç‰©
AHOUBRCZNHFOSL-YOEHRIQHSA-N,Wikidata,å¸•ç»œè¥¿æ±€
AHOUBRCZNHFOSL-YOEHRIQHSA-N,Wikidata,ç›é…¸å¸•ç½—è¥¿æ±€
AHOUBRCZNHFOSL-YOEHRIQHSA-N,Wikidata,èµ›ä¹ç‰¹
AHOUBRCZNHFOSL-YOEHRIQHSA-N,Wikidata,ì„¸ë¡œìžíŠ¸
AHOUBRCZNHFOSL-YOEHRIQHSA-N,Wikidata,íŒì‹¤
AIZFEOPQVZBNGH-UHFFFAOYSA-N,ChEMBL,BENTAZEPAM
AIZFEOPQVZBNGH-UHFFFAOYSA-N,ChEMBL,BENTAZEPAM
AIZFEOPQVZBNGH-UHFFFAOYSA-N,ChEMBL,BENTAZEPAM
AIZFEOPQVZBNGH-UHFFFAOYSA-N,ChEMBL,CI-718
AIZFEOPQVZBNGH-UHFFFAOYSA-N,Wikidata,C17H16N2O1S1
AIZFEOPQVZBNGH-UHFFFAOYSA-N,Wikidata,bentazepam
ALARQZQTBTVLJV-UHFFFAOYSA-N,ChEMBL,ISONAL
ALARQZQTBTVLJV-UHFFFAOYSA-N,ChEMBL,MEBARAL
ALARQZQTBTVLJV-UHFFFAOYSA-N,ChEMBL,MENTA-BAL
ALARQZQTBTVLJV-UHFFFAOYSA-N,ChEMBL,MEPHOBARBITAL
ALARQZQTBTVLJV-UHFFFAOYSA-N,ChEMBL,MEPHOBARBITAL
ALARQZQTBTVLJV-UHFFFAOYSA-N,ChEMBL,MEPHOBARBITAL CIV
ALARQZQTBTVLJV-UHFFFAOYSA-N,ChEMBL,METHYLPHENOBARBITAL
ALARQZQTBTVLJV-UHFFFAOYSA-N,ChEMBL,METHYLPHENOBARBITAL
ALARQZQTBTVLJV-UHFFFAOYSA-N,ChEMBL,METHYLPHENOBARBITAL
ALARQZQTBTVLJV-UHFFFAOYSA-N,ChEMBL,METILFENOBARBITAL
ALARQZQTBTVLJV-UHFFFAOYSA-N,ChEMBL,METYLFENEMAL
ALARQZQTBTVLJV-UHFFFAOYSA-N,ChEMBL,PHEMETONE
ALARQZQTBTVLJV-UHFFFAOYSA-N,ChEMBL,PROMINAL
ALARQZQTBTVLJV-UHFFFAOYSA-N,Wikidata,1-methylphenobarbital
"ALARQZQTBTVLJV-UHFFFAOYSA-N,Wikidata,""5-ethyl-1-methyl-5-phenyl-2,4,6(1H,3H,5H)-pyrimidinetrione"""
"ALARQZQTBTVLJV-UHFFFAOYSA-N,Wikidata,""5-ethyl-1-methyl-5-phenyl-pyrimidine-2,4,6-trione"""
ALARQZQTBTVLJV-UHFFFAOYSA-N,Wikidata,5-ethyl-1-methyl-5-phenylbarbituric acid
ALARQZQTBTVLJV-UHFFFAOYSA-N,Wikidata,5-etyl-5-fenylbarbitursyre
ALARQZQTBTVLJV-UHFFFAOYSA-N,Wikidata,Menta-Bal
ALARQZQTBTVLJV-UHFFFAOYSA-N,Wikidata,Mephobarbital
ALARQZQTBTVLJV-UHFFFAOYSA-N,Wikidata,Mephobarbitone
ALARQZQTBTVLJV-UHFFFAOYSA-N,Wikidata,Methylphenobarbitalum
ALARQZQTBTVLJV-UHFFFAOYSA-N,Wikidata,Methylphenobarbitone
ALARQZQTBTVLJV-UHFFFAOYSA-N,Wikidata,Metilfenobarbital
ALARQZQTBTVLJV-UHFFFAOYSA-N,Wikidata,Metilfenobarbitale
ALARQZQTBTVLJV-UHFFFAOYSA-N,Wikidata,MÃ©thylphÃ©nobarbital
ALARQZQTBTVLJV-UHFFFAOYSA-N,Wikidata,N-Methylphenobarbital
ALARQZQTBTVLJV-UHFFFAOYSA-N,Wikidata,N-methylphenobarbital
ALARQZQTBTVLJV-UHFFFAOYSA-N,Wikidata,mefobarbital
ALARQZQTBTVLJV-UHFFFAOYSA-N,Wikidata,mephobarbital
ALARQZQTBTVLJV-UHFFFAOYSA-N,Wikidata,mephobarbitone
ALARQZQTBTVLJV-UHFFFAOYSA-N,Wikidata,methylphenobarbital
ALARQZQTBTVLJV-UHFFFAOYSA-N,Wikidata,methylphenobarbitone
ALARQZQTBTVLJV-UHFFFAOYSA-N,Wikidata,mÃ©thylphÃ©nobarbital
ALARQZQTBTVLJV-UHFFFAOYSA-N,Wikidata,Ù…ÙÙŠÙÙˆØ¨Ø§Ø±Ù’Ø¨ÙŠØªØ§Ù„
AUZMDLDJTGPIEA-UHFFFAOYSA-N,ChEMBL,LITRACEN
AUZMDLDJTGPIEA-UHFFFAOYSA-N,ChEMBL,LITRACENE
AUZMDLDJTGPIEA-UHFFFAOYSA-N,ChEMBL,LITRACENO
AUZMDLDJTGPIEA-UHFFFAOYSA-N,Wikidata,litracen
BLFQGGGGFNSJKA-XHXSRVRCSA-N,ChEMBL,AREMIS
BLFQGGGGFNSJKA-XHXSRVRCSA-N,ChEMBL,BESITRON
"BLFQGGGGFNSJKA-XHXSRVRCSA-N,ChEMBL,""CP-51,974-1"""
BLFQGGGGFNSJKA-XHXSRVRCSA-N,ChEMBL,CP-51974-1
BLFQGGGGFNSJKA-XHXSRVRCSA-N,ChEMBL,LUSTRAL
BLFQGGGGFNSJKA-XHXSRVRCSA-N,ChEMBL,NSC-746308
BLFQGGGGFNSJKA-XHXSRVRCSA-N,ChEMBL,NSC-758948
BLFQGGGGFNSJKA-XHXSRVRCSA-N,ChEMBL,SERTRALINE (AS HYDROCHLORIDE)
BLFQGGGGFNSJKA-XHXSRVRCSA-N,ChEMBL,SERTRALINE HCL
BLFQGGGGFNSJKA-XHXSRVRCSA-N,ChEMBL,SERTRALINE HYDROCHLORIDE
BLFQGGGGFNSJKA-XHXSRVRCSA-N,ChEMBL,SERTRALINE HYDROCHLORIDE
BLFQGGGGFNSJKA-XHXSRVRCSA-N,ChEMBL,SERTRALINE HYDROCHLORIDE
BLFQGGGGFNSJKA-XHXSRVRCSA-N,ChEMBL,SERTRALINE HYDROCHLORIDE
BLFQGGGGFNSJKA-XHXSRVRCSA-N,ChEMBL,SERTRALINE HYDROCHLORIDE
BLFQGGGGFNSJKA-XHXSRVRCSA-N,ChEMBL,SERTRALINE HYDROCHLORIDE
BLFQGGGGFNSJKA-XHXSRVRCSA-N,ChEMBL,SERTRALINE HYDROCHLORIDE
BLFQGGGGFNSJKA-XHXSRVRCSA-N,ChEMBL,SERTRALINE HYDROCHLORIDE
BLFQGGGGFNSJKA-XHXSRVRCSA-N,ChEMBL,ZOLOFT
"BLFQGGGGFNSJKA-XHXSRVRCSA-N,Wikidata,""(+)-cis-(1S,4S)-1-methylamino-4-(3,4-dichlorophenyl)tetralin hydrochloride"""
BLFQGGGGFNSJKA-XHXSRVRCSA-N,Wikidata,(+)-sertraline hydrochloride
"BLFQGGGGFNSJKA-XHXSRVRCSA-N,Wikidata,""(1S,4S)-4-(3,4-dichlorophenyl)-N-methyl-1,2,3,4-tetrahydronaphthalen-1-aminium chloride"""
"BLFQGGGGFNSJKA-XHXSRVRCSA-N,Wikidata,""(1S-cis)-4-(3,4-dichlorophenyl)-N-methyl-1,2,3,4-tetrahydronaphthalen-1-amine hydrochloride"""
BLFQGGGGFNSJKA-XHXSRVRCSA-N,Wikidata,sertraline HCl
BLFQGGGGFNSJKA-XHXSRVRCSA-N,Wikidata,sertraline hydrochloride
CCUOZZURYIZOKX-FQJNFEMKSA-N,Wikidata,(E)-piflutixol
CCUOZZURYIZOKX-FQJNFEMKSA-N,Wikidata,piflutixol
CCUOZZURYIZOKX-UHFFFAOYSA-N,Wikidata,piflutixol
CDCHDCWJMGXXRH-UHFFFAOYSA-N,Wikidata,29975-16-4
"CDCHDCWJMGXXRH-UHFFFAOYSA-N,Wikidata,""8-chloro-6-phenyl-4H-s-triazolo(4,3-a)(1,4)benzodiazepine"""
CDCHDCWJMGXXRH-UHFFFAOYSA-N,Wikidata,C16H11ClN4
CDCHDCWJMGXXRH-UHFFFAOYSA-N,Wikidata,D 40TA
CDCHDCWJMGXXRH-UHFFFAOYSA-N,Wikidata,Estazolam
CDCHDCWJMGXXRH-UHFFFAOYSA-N,Wikidata,Estazolamum
CDCHDCWJMGXXRH-UHFFFAOYSA-N,Wikidata,Eurodin
CDCHDCWJMGXXRH-UHFFFAOYSA-N,Wikidata,EurodinÂ®
CDCHDCWJMGXXRH-UHFFFAOYSA-N,Wikidata,Nuctalon
CDCHDCWJMGXXRH-UHFFFAOYSA-N,Wikidata,ProSom
CDCHDCWJMGXXRH-UHFFFAOYSA-N,Wikidata,ProSomÂ®
CDCHDCWJMGXXRH-UHFFFAOYSA-N,Wikidata,Prosom
CDCHDCWJMGXXRH-UHFFFAOYSA-N,Wikidata,estazolam
CDCHDCWJMGXXRH-UHFFFAOYSA-N,Wikidata,à¬ªà­à¬°à­‹à¬¸à¬®
CDCHDCWJMGXXRH-UHFFFAOYSA-N,Wikidata,ãƒ¦ãƒ¼ãƒ­ã‚¸ãƒ³
CDCHDCWJMGXXRH-UHFFFAOYSA-N,Wikidata,èˆ’ä¹å®‰å®š
CDCHDCWJMGXXRH-UHFFFAOYSA-N,Wikidata,è‰¾å¸å”‘ä»‘
CFOYBMUYCBSDAL-UHFFFAOYSA-N,Wikidata,spiclomazine
CYGODHVAJQTCBG-UHFFFAOYSA-N,Wikidata,Bifeprunox
CYGODHVAJQTCBG-UHFFFAOYSA-N,Wikidata,C24H23N3O2
"CYGODHVAJQTCBG-UHFFFAOYSA-N,Wikidata,""DU-127,090"""
CYGODHVAJQTCBG-UHFFFAOYSA-N,Wikidata,DU-127090
CYGODHVAJQTCBG-UHFFFAOYSA-N,Wikidata,bifeprunox
DHHVAGZRUROJKS-UHFFFAOYSA-N,ChEMBL,DUROMINE
DHHVAGZRUROJKS-UHFFFAOYSA-N,ChEMBL,FENTERMINA
DHHVAGZRUROJKS-UHFFFAOYSA-N,ChEMBL,IONAMIN
DHHVAGZRUROJKS-UHFFFAOYSA-N,ChEMBL,NSC-759163
DHHVAGZRUROJKS-UHFFFAOYSA-N,ChEMBL,PHENTERMINE
DHHVAGZRUROJKS-UHFFFAOYSA-N,ChEMBL,PHENTERMINE
DHHVAGZRUROJKS-UHFFFAOYSA-N,ChEMBL,PHENTERMINE
DHHVAGZRUROJKS-UHFFFAOYSA-N,ChEMBL,PHENTERMINE
DHHVAGZRUROJKS-UHFFFAOYSA-N,ChEMBL,PHENTERMINE
DHHVAGZRUROJKS-UHFFFAOYSA-N,ChEMBL,PHENTERMINE
DHHVAGZRUROJKS-UHFFFAOYSA-N,ChEMBL,PHENTERMINE
DHHVAGZRUROJKS-UHFFFAOYSA-N,ChEMBL,PHENTERMINE COMPONENT OF QSYMIA
DHHVAGZRUROJKS-UHFFFAOYSA-N,ChEMBL,PHENTERMINE RESIN
DHHVAGZRUROJKS-UHFFFAOYSA-N,ChEMBL,PHENTERMINE RESIN 30
DHHVAGZRUROJKS-UHFFFAOYSA-N,ChEMBL,PHENTERMINE RESIN COMPLEX
DHHVAGZRUROJKS-UHFFFAOYSA-N,ChEMBL,PHENTERMINE RESIN COMPLEX
DHHVAGZRUROJKS-UHFFFAOYSA-N,ChEMBL,QSIVA
DHHVAGZRUROJKS-UHFFFAOYSA-N,Wikidata,2-metylamfetamin
DHHVAGZRUROJKS-UHFFFAOYSA-N,Wikidata,Adipex-PÂ®
DHHVAGZRUROJKS-UHFFFAOYSA-N,Wikidata,Fentermina
DHHVAGZRUROJKS-UHFFFAOYSA-N,Wikidata,IonaminÂ®
DHHVAGZRUROJKS-UHFFFAOYSA-N,Wikidata,Mirapront
DHHVAGZRUROJKS-UHFFFAOYSA-N,Wikidata,Phenterminum
"DHHVAGZRUROJKS-UHFFFAOYSA-N,Wikidata,""alpha,alpha-Dimethylphenethylamine"""
"DHHVAGZRUROJKS-UHFFFAOYSA-N,Wikidata,""alpha,alpha-dimethylphenethylamine"""
DHHVAGZRUROJKS-UHFFFAOYSA-N,Wikidata,phentermine
DHHVAGZRUROJKS-UHFFFAOYSA-N,Wikidata,phentermine hydrochloride
"DHHVAGZRUROJKS-UHFFFAOYSA-N,Wikidata,""Î±,Î±-dimethylphenethylamine"""
DNKCFBJMFIUNRS-UHFFFAOYSA-N,Wikidata,mephentermine sulfate
DXPOSRCHIDYWHW-UHFFFAOYSA-N,Wikidata,ATC kod C01CX07
DXPOSRCHIDYWHW-UHFFFAOYSA-N,Wikidata,ATCvet kod QC01CX07
DXPOSRCHIDYWHW-UHFFFAOYSA-N,Wikidata,C16H25N3O5
DXPOSRCHIDYWHW-UHFFFAOYSA-N,Wikidata,ICI-118587
DXPOSRCHIDYWHW-UHFFFAOYSA-N,Wikidata,Xamoterol
DXPOSRCHIDYWHW-UHFFFAOYSA-N,Wikidata,xamoterol
FCXKKBQJIUTOHH-UHFFFAOYSA-N,Wikidata,nuclotixene
FEJCIXJKPISCJV-UHFFFAOYSA-N,ChEMBL,AZEPINDOL
FEJCIXJKPISCJV-UHFFFAOYSA-N,ChEMBL,AZEPINDOLE
FEJCIXJKPISCJV-UHFFFAOYSA-N,ChEMBL,AZEPINDOLE
FEJCIXJKPISCJV-UHFFFAOYSA-N,ChEMBL,MCN-2453
FEJCIXJKPISCJV-UHFFFAOYSA-N,Wikidata,McN-2453
FEJCIXJKPISCJV-UHFFFAOYSA-N,Wikidata,azepindole
FPHIGGMDBMWPDB-UHFFFAOYSA-N,Wikidata,benzindopyrine hydrochloride
FUSALJQLPCXPMH-UHFFFAOYSA-N,ChEMBL,CI-686.HCL
FUSALJQLPCXPMH-UHFFFAOYSA-N,ChEMBL,CI-686 HYDROCHLORIDE
FUSALJQLPCXPMH-UHFFFAOYSA-N,ChEMBL,TREBENZOMINE HCL
FUSALJQLPCXPMH-UHFFFAOYSA-N,ChEMBL,TREBENZOMINE HYDROCHLORIDE
FUSALJQLPCXPMH-UHFFFAOYSA-N,ChEMBL,TREBENZOMINE HYDROCHLORIDE
FUSALJQLPCXPMH-UHFFFAOYSA-N,Wikidata,trebenzomine hydrochloride
FZSPJBYOKQPKCD-UHFFFAOYSA-N,ChEMBL,ALAPROCLATE
FZSPJBYOKQPKCD-UHFFFAOYSA-N,ChEMBL,ALAPROCLATE
FZSPJBYOKQPKCD-UHFFFAOYSA-N,ChEMBL,ALAPROCLATE
FZSPJBYOKQPKCD-UHFFFAOYSA-N,ChEMBL,ALAPROCLATO
FZSPJBYOKQPKCD-UHFFFAOYSA-N,ChEMBL,GEA 654
FZSPJBYOKQPKCD-UHFFFAOYSA-N,ChEMBL,GEA-654
FZSPJBYOKQPKCD-UHFFFAOYSA-N,ChEMBL,NSC-758657
FZSPJBYOKQPKCD-UHFFFAOYSA-N,Wikidata,Alaproclate
FZSPJBYOKQPKCD-UHFFFAOYSA-N,Wikidata,GEA-654
FZSPJBYOKQPKCD-UHFFFAOYSA-N,Wikidata,alaproclate
GIWODWVYEOAGQV-UHFFFAOYSA-N,ChEMBL,SOLIPERTINA
GIWODWVYEOAGQV-UHFFFAOYSA-N,ChEMBL,SOLYPERTINE
GIWODWVYEOAGQV-UHFFFAOYSA-N,Wikidata,solypertine
GIYXAJPCNFJEHY-UHFFFAOYSA-N,ChEMBL,ADOFEN
GIYXAJPCNFJEHY-UHFFFAOYSA-N,ChEMBL,FELICIUM
GIYXAJPCNFJEHY-UHFFFAOYSA-N,ChEMBL,FLUCTIN
GIYXAJPCNFJEHY-UHFFFAOYSA-N,ChEMBL,FLUNEURIN
GIYXAJPCNFJEHY-UHFFFAOYSA-N,ChEMBL,FLUOXEREN
GIYXAJPCNFJEHY-UHFFFAOYSA-N,ChEMBL,FLUOXETINE (AS HYDROCHLORIDE)
GIYXAJPCNFJEHY-UHFFFAOYSA-N,ChEMBL,FLUOXETINE HYDROCHLORIDE
GIYXAJPCNFJEHY-UHFFFAOYSA-N,ChEMBL,FLUOXETINE HYDROCHLORIDE
GIYXAJPCNFJEHY-UHFFFAOYSA-N,ChEMBL,FLUOXETINE HYDROCHLORIDE
GIYXAJPCNFJEHY-UHFFFAOYSA-N,ChEMBL,FLUOXETINE HYDROCHLORIDE
GIYXAJPCNFJEHY-UHFFFAOYSA-N,ChEMBL,FLUOXETINE HYDROCHLORIDE
GIYXAJPCNFJEHY-UHFFFAOYSA-N,ChEMBL,FLUOXETINE HYDROCHLORIDE
GIYXAJPCNFJEHY-UHFFFAOYSA-N,ChEMBL,FLUOXETINE HYDROCHLORIDE
GIYXAJPCNFJEHY-UHFFFAOYSA-N,ChEMBL,FLUOXETINE HYDROCHLORIDE
GIYXAJPCNFJEHY-UHFFFAOYSA-N,ChEMBL,FLUOXETINE HYDROCHLORIDE
GIYXAJPCNFJEHY-UHFFFAOYSA-N,ChEMBL,FLUOXETINE HYDROCHLORIDE COMPONENT OF SYMBYAX
GIYXAJPCNFJEHY-UHFFFAOYSA-N,ChEMBL,FLUOX-PUREN
GIYXAJPCNFJEHY-UHFFFAOYSA-N,ChEMBL,FLUSOL
GIYXAJPCNFJEHY-UHFFFAOYSA-N,ChEMBL,FLUXET
GIYXAJPCNFJEHY-UHFFFAOYSA-N,ChEMBL,FONTEX
GIYXAJPCNFJEHY-UHFFFAOYSA-N,ChEMBL,FOXETIN
GIYXAJPCNFJEHY-UHFFFAOYSA-N,ChEMBL,LOVAN
GIYXAJPCNFJEHY-UHFFFAOYSA-N,ChEMBL,LY-110140
GIYXAJPCNFJEHY-UHFFFAOYSA-N,ChEMBL,LY110140
GIYXAJPCNFJEHY-UHFFFAOYSA-N,ChEMBL,OLENA
GIYXAJPCNFJEHY-UHFFFAOYSA-N,ChEMBL,OXACTIN
GIYXAJPCNFJEHY-UHFFFAOYSA-N,ChEMBL,PROZAC
GIYXAJPCNFJEHY-UHFFFAOYSA-N,ChEMBL,PROZAC 60
GIYXAJPCNFJEHY-UHFFFAOYSA-N,ChEMBL,PROZAC WEEKLY
GIYXAJPCNFJEHY-UHFFFAOYSA-N,ChEMBL,PROZEP
GIYXAJPCNFJEHY-UHFFFAOYSA-N,ChEMBL,PROZIT
GIYXAJPCNFJEHY-UHFFFAOYSA-N,ChEMBL,RANFLUTIN
GIYXAJPCNFJEHY-UHFFFAOYSA-N,ChEMBL,RECONCILE
GIYXAJPCNFJEHY-UHFFFAOYSA-N,ChEMBL,RECONCILE
GIYXAJPCNFJEHY-UHFFFAOYSA-N,ChEMBL,SARAFEM
GIYXAJPCNFJEHY-UHFFFAOYSA-N,ChEMBL,SELFEMRA
GIYXAJPCNFJEHY-UHFFFAOYSA-N,Wikidata,Fluoxetine hydrochloride
GIYXAJPCNFJEHY-UHFFFAOYSA-N,Wikidata,Methyl[3-phenyl-3-[4-(trifluoromethyl)phenoxy]propyl]amine hydrochloride
GIYXAJPCNFJEHY-UHFFFAOYSA-N,Wikidata,N-Methyl-gama-[4-(trifluoromethyl)
GIYXAJPCNFJEHY-UHFFFAOYSA-N,Wikidata,fluoxetine HCl
GIYXAJPCNFJEHY-UHFFFAOYSA-N,Wikidata,fluoxetine hydrochloride
GIYXAJPCNFJEHY-UHFFFAOYSA-N,Wikidata,fluoxÃ©tine (chlorhydrate de)
GJJFMKBJSRMPLA-UHFFFAOYSA-N,ChEMBL,IMPULSOR
GJJFMKBJSRMPLA-UHFFFAOYSA-N,ChEMBL,MILNACIPRAN
GJJFMKBJSRMPLA-UHFFFAOYSA-N,ChEMBL,MILNACIPRAN
GJJFMKBJSRMPLA-UHFFFAOYSA-N,ChEMBL,MILNACIPRAN
GJJFMKBJSRMPLA-UHFFFAOYSA-N,ChEMBL,MILNACIPRAN
GJJFMKBJSRMPLA-UHFFFAOYSA-N,ChEMBL,MILNACIPRAN PIERRE FABRE MEDICAMENT
GJJFMKBJSRMPLA-UHFFFAOYSA-N,Wikidata,milnacipran
GMTWWEPBGGXBTO-RSAXXLAASA-N,ChEMBL,LY-215229 HYDROCHLORIDE
GMTWWEPBGGXBTO-RSAXXLAASA-N,ChEMBL,LY215229 HYDROCHLORIDE
GMTWWEPBGGXBTO-RSAXXLAASA-N,ChEMBL,SEPROXETINE HCL
GMTWWEPBGGXBTO-RSAXXLAASA-N,ChEMBL,SEPROXETINE HYDROCHLORIDE
GMTWWEPBGGXBTO-RSAXXLAASA-N,ChEMBL,SEPROXETINE HYDROCHLORIDE
GMTWWEPBGGXBTO-RSAXXLAASA-N,Wikidata,seproxetine hydrochloride
GQWNECFJGBQMBO-UHFFFAOYSA-N,ChEMBL,EN-1733A
GQWNECFJGBQMBO-UHFFFAOYSA-N,ChEMBL,MOBAN
GQWNECFJGBQMBO-UHFFFAOYSA-N,ChEMBL,MOLINDONE HCL
GQWNECFJGBQMBO-UHFFFAOYSA-N,ChEMBL,MOLINDONE HYDROCHLORIDE
GQWNECFJGBQMBO-UHFFFAOYSA-N,ChEMBL,MOLINDONE HYDROCHLORIDE
GQWNECFJGBQMBO-UHFFFAOYSA-N,ChEMBL,MOLINDONE HYDROCHLORIDE
GQWNECFJGBQMBO-UHFFFAOYSA-N,ChEMBL,MOLINDONE HYDROCHLORIDE
GQWNECFJGBQMBO-UHFFFAOYSA-N,ChEMBL,MOLINDONE HYDROCHLORIDE
GQWNECFJGBQMBO-UHFFFAOYSA-N,Wikidata,molindone hydrochloride
GRHBODILPPXVKN-UHFFFAOYSA-N,ChEMBL,EVENAMIDA
GRHBODILPPXVKN-UHFFFAOYSA-N,ChEMBL,EVENAMIDE
GRHBODILPPXVKN-UHFFFAOYSA-N,ChEMBL,EVENAMIDE
GRHBODILPPXVKN-UHFFFAOYSA-N,ChEMBL,NW-3509
GRHBODILPPXVKN-UHFFFAOYSA-N,Wikidata,Evenamide
GRHBODILPPXVKN-UHFFFAOYSA-N,Wikidata,NW 3509
GRHBODILPPXVKN-UHFFFAOYSA-N,Wikidata,NW-3509
GRHBODILPPXVKN-UHFFFAOYSA-N,Wikidata,NW3509
HAPOVYFOVVWLRS-UHFFFAOYSA-N,Wikidata,(+-)-2-Ethyl-2-methylsuccinimide
HAPOVYFOVVWLRS-UHFFFAOYSA-N,Wikidata,(+-)-2-ethyl-2-methylsuccinimide
HAPOVYFOVVWLRS-UHFFFAOYSA-N,Wikidata,(Â±)-2-ethyl-2-methylsuccinimide
HAPOVYFOVVWLRS-UHFFFAOYSA-N,Wikidata,2-Methyl-2-ethylsuccinimide
HAPOVYFOVVWLRS-UHFFFAOYSA-N,Wikidata,2-ethyl-2-methylsuccinimide
HAPOVYFOVVWLRS-UHFFFAOYSA-N,Wikidata,2-methyl-2-ethylsuccinimide
HAPOVYFOVVWLRS-UHFFFAOYSA-N,Wikidata,3-Ethyl-3-methylsuccinimide
"HAPOVYFOVVWLRS-UHFFFAOYSA-N,Wikidata,""3-Methyl-3-ethylpyrrolidine-2,5-dione"""
HAPOVYFOVVWLRS-UHFFFAOYSA-N,Wikidata,3-Methyl-3-ethylsuccinimide
HAPOVYFOVVWLRS-UHFFFAOYSA-N,Wikidata,3-ethyl-3-methyl-2
"HAPOVYFOVVWLRS-UHFFFAOYSA-N,Wikidata,""3-ethyl-3-methyl-2,5-pyrrolidinedione"""
HAPOVYFOVVWLRS-UHFFFAOYSA-N,Wikidata,3-ethyl-3-methylsuccinimide
HAPOVYFOVVWLRS-UHFFFAOYSA-N,Wikidata,3-methyl-3-ethylpyrrolidine-2
"HAPOVYFOVVWLRS-UHFFFAOYSA-N,Wikidata,""3-methyl-3-ethylpyrrolidine-2,5-dione"""
HAPOVYFOVVWLRS-UHFFFAOYSA-N,Wikidata,3-methyl-3-ethylsuccinimide
HAPOVYFOVVWLRS-UHFFFAOYSA-N,Wikidata,5-dione
HAPOVYFOVVWLRS-UHFFFAOYSA-N,Wikidata,5-pyrrolidinedione
HAPOVYFOVVWLRS-UHFFFAOYSA-N,Wikidata,77-67-8
HAPOVYFOVVWLRS-UHFFFAOYSA-N,Wikidata,Aethosuximide
HAPOVYFOVVWLRS-UHFFFAOYSA-N,Wikidata,Atysmal
HAPOVYFOVVWLRS-UHFFFAOYSA-N,Wikidata,C7H11NO2
HAPOVYFOVVWLRS-UHFFFAOYSA-N,Wikidata,C7H11O2N1
HAPOVYFOVVWLRS-UHFFFAOYSA-N,Wikidata,CI-366
HAPOVYFOVVWLRS-UHFFFAOYSA-N,Wikidata,CN-10395
HAPOVYFOVVWLRS-UHFFFAOYSA-N,Wikidata,Ethosuximid
HAPOVYFOVVWLRS-UHFFFAOYSA-N,Wikidata,Ethosuximide
HAPOVYFOVVWLRS-UHFFFAOYSA-N,Wikidata,Ethosuximidum
HAPOVYFOVVWLRS-UHFFFAOYSA-N,Wikidata,Etosuximida
HAPOVYFOVVWLRS-UHFFFAOYSA-N,Wikidata,PM-671
HAPOVYFOVVWLRS-UHFFFAOYSA-N,Wikidata,Petnidan
HAPOVYFOVVWLRS-UHFFFAOYSA-N,Wikidata,Suxilep
HAPOVYFOVVWLRS-UHFFFAOYSA-N,Wikidata,Suxinutin
HAPOVYFOVVWLRS-UHFFFAOYSA-N,Wikidata,Thilopemal
HAPOVYFOVVWLRS-UHFFFAOYSA-N,Wikidata,ZarontinÂ®
HAPOVYFOVVWLRS-UHFFFAOYSA-N,Wikidata,alpha-Ethyl-alpha-methylsuccinimide
HAPOVYFOVVWLRS-UHFFFAOYSA-N,Wikidata,alpha-Methyl-alpha-ethylsuccinimide
HAPOVYFOVVWLRS-UHFFFAOYSA-N,Wikidata,alpha-ethyl-alpha-methylsuccinimide
HAPOVYFOVVWLRS-UHFFFAOYSA-N,Wikidata,alpha-methyl-alpha-ethylsuccinimide
HAPOVYFOVVWLRS-UHFFFAOYSA-N,Wikidata,ethosuximide
HAPOVYFOVVWLRS-UHFFFAOYSA-N,Wikidata,gamma-Ethyl-gamma-methyl-succinimide
HAPOVYFOVVWLRS-UHFFFAOYSA-N,Wikidata,gamma-Methyl-gamma-ethyl-succinimide
HAPOVYFOVVWLRS-UHFFFAOYSA-N,Wikidata,gamma-ethyl-gamma-methyl-succinimide
HAPOVYFOVVWLRS-UHFFFAOYSA-N,Wikidata,gamma-methyl-gamma-ethyl-succinimide
HAPOVYFOVVWLRS-UHFFFAOYSA-N,Wikidata,Î³-ethyl-Î³-methyl-succinimide
HAPOVYFOVVWLRS-UHFFFAOYSA-N,Wikidata,Ø§ØªÙˆØ³ÙˆÚ©Ø³Ù…Ø§ÛŒØ¯
HAPOVYFOVVWLRS-UHFFFAOYSA-N,Wikidata,à¬‡à¬¥à­‹à¬¸à¬•à­à¬¸à¬¿à¬®à¬¾à¬‡à¬¡
HBFZQWHVSYYTGA-UHFFFAOYSA-N,Wikidata,amitriptyline pamoate
HBOMLICNUCNMMY-XLPZGREQSA-N,ChEMBL,3'-AZT
HBOMLICNUCNMMY-XLPZGREQSA-N,ChEMBL,AZIDOTHYMIDINE
HBOMLICNUCNMMY-XLPZGREQSA-N,ChEMBL,AZT
HBOMLICNUCNMMY-XLPZGREQSA-N,ChEMBL,BW A509U
HBOMLICNUCNMMY-XLPZGREQSA-N,ChEMBL,BW-A-509U
HBOMLICNUCNMMY-XLPZGREQSA-N,ChEMBL,BW-A509U
HBOMLICNUCNMMY-XLPZGREQSA-N,ChEMBL,BWA509U
HBOMLICNUCNMMY-XLPZGREQSA-N,ChEMBL,COMPOUND S
HBOMLICNUCNMMY-XLPZGREQSA-N,ChEMBL,COMPOUND-S
HBOMLICNUCNMMY-XLPZGREQSA-N,ChEMBL,NSC-602670
HBOMLICNUCNMMY-XLPZGREQSA-N,ChEMBL,RETROVIR
HBOMLICNUCNMMY-XLPZGREQSA-N,ChEMBL,ZIDOVUDINA
HBOMLICNUCNMMY-XLPZGREQSA-N,ChEMBL,ZIDOVUDINE
HBOMLICNUCNMMY-XLPZGREQSA-N,ChEMBL,ZIDOVUDINE
HBOMLICNUCNMMY-XLPZGREQSA-N,ChEMBL,ZIDOVUDINE
HBOMLICNUCNMMY-XLPZGREQSA-N,ChEMBL,ZIDOVUDINE
HBOMLICNUCNMMY-XLPZGREQSA-N,ChEMBL,ZIDOVUDINE
HBOMLICNUCNMMY-XLPZGREQSA-N,ChEMBL,ZIDOVUDINE
HBOMLICNUCNMMY-XLPZGREQSA-N,ChEMBL,ZIDOVUDINE
HBOMLICNUCNMMY-XLPZGREQSA-N,ChEMBL,ZIDOVUDINE
HBOMLICNUCNMMY-XLPZGREQSA-N,ChEMBL,ZIDOVUDINE
HBOMLICNUCNMMY-XLPZGREQSA-N,ChEMBL,ZIDOVUDINE
HBOMLICNUCNMMY-XLPZGREQSA-N,ChEMBL,ZIDOVUDINE
HBOMLICNUCNMMY-XLPZGREQSA-N,ChEMBL,ZIDOVUDINE COMPONENT OF COMBIVIR
HBOMLICNUCNMMY-XLPZGREQSA-N,ChEMBL,ZIDOVUDINE COMPONENT OF LAMIVUDINE/ TEVA
HBOMLICNUCNMMY-XLPZGREQSA-N,ChEMBL,ZIDOVUDINE COMPONENT OF TRIZIVIR
HBOMLICNUCNMMY-XLPZGREQSA-N,ChEMBL,ZIDOVUDINUM
HBOMLICNUCNMMY-XLPZGREQSA-N,Wikidata,3'-azido-3'-deoxythymidine
HBOMLICNUCNMMY-XLPZGREQSA-N,Wikidata,3'-azydo-3'-deoksytymidyna
HBOMLICNUCNMMY-XLPZGREQSA-N,Wikidata,AZT
HBOMLICNUCNMMY-XLPZGREQSA-N,Wikidata,Azidothymidine
HBOMLICNUCNMMY-XLPZGREQSA-N,Wikidata,RetrovirÂ®
HBOMLICNUCNMMY-XLPZGREQSA-N,Wikidata,ZDV
HBOMLICNUCNMMY-XLPZGREQSA-N,Wikidata,Zidovudin
HBOMLICNUCNMMY-XLPZGREQSA-N,Wikidata,Zidovudine
HBOMLICNUCNMMY-XLPZGREQSA-N,Wikidata,Zidovudinum
HBOMLICNUCNMMY-XLPZGREQSA-N,Wikidata,azidothymidine
HBOMLICNUCNMMY-XLPZGREQSA-N,Wikidata,azidotimidin
HBOMLICNUCNMMY-XLPZGREQSA-N,Wikidata,zidovudine
HBOMLICNUCNMMY-XLPZGREQSA-N,Wikidata,zydowudyna
HBOMLICNUCNMMY-XLPZGREQSA-N,Wikidata,Ð°Ð·Ð¸Ð´Ð¾Ñ‚Ð¸Ð¼Ð¸Ð´Ð¸Ð½
HBOMLICNUCNMMY-XLPZGREQSA-N,Wikidata,à¬œà¬¿à¬¡à­‹à¬­à­à¬¡à¬¿à¬¨
HBOMLICNUCNMMY-XLPZGREQSA-N,Wikidata,å æ°®èƒ¸è‹·
HCYAFALTSJYZDH-UHFFFAOYSA-N,ChEMBL,DESIPRAMINA
HCYAFALTSJYZDH-UHFFFAOYSA-N,ChEMBL,DESIPRAMINE
HCYAFALTSJYZDH-UHFFFAOYSA-N,ChEMBL,DESIPRAMINE
HCYAFALTSJYZDH-UHFFFAOYSA-N,ChEMBL,DESIPRAMINE
HCYAFALTSJYZDH-UHFFFAOYSA-N,ChEMBL,DESIPRAMINE
HCYAFALTSJYZDH-UHFFFAOYSA-N,ChEMBL,DESIPRAMINE
"HCYAFALTSJYZDH-UHFFFAOYSA-N,ChEMBL,""IMIPRAMINE, DEMETHYL-"""
HCYAFALTSJYZDH-UHFFFAOYSA-N,ChEMBL,MONODEMETHYLIMIPRAMINE
HCYAFALTSJYZDH-UHFFFAOYSA-N,ChEMBL,N-DESMETHYLIMIPRAMINE
HCYAFALTSJYZDH-UHFFFAOYSA-N,ChEMBL,NORIMIPRAMINE
HIZFAPMOZFYELI-GNXQHMNLSA-N,Wikidata,perospirone hydrochloride
IGOWMQPOGQYFFM-UHFFFAOYSA-N,Wikidata,sultopride (chlorhydrate de)
IGOWMQPOGQYFFM-UHFFFAOYSA-N,Wikidata,sultopride hydrochloride
JIKBYFBMUAUPJS-UHFFFAOYSA-N,Wikidata,noxiptiline hydrochloride
JSXBVMKACNEMKY-UHFFFAOYSA-N,Wikidata,loxapine hydrochloride
JUMYIBMBTDDLNG-OJERSXHUSA-N,Wikidata,dexmethylphenidate hydrochloride
KAAZGXDPUNNEFN-UHFFFAOYSA-N,Wikidata,ENU242
KAAZGXDPUNNEFN-UHFFFAOYSA-N,Wikidata,Etumina
KAAZGXDPUNNEFN-UHFFFAOYSA-N,Wikidata,Etumina.
KAAZGXDPUNNEFN-UHFFFAOYSA-N,Wikidata,Etumine
KAAZGXDPUNNEFN-UHFFFAOYSA-N,Wikidata,clotiapine
"KJWDCBVOGFIVKY-YTCCEPPISA-N,Wikidata,""Msh, gamma, (15-26)"""
KRDOFMHJLWKXIU-UHFFFAOYSA-N,ChEMBL,Benzisothiazole-3-Yl-Piperazine (Bitp)
"KRDOFMHJLWKXIU-UHFFFAOYSA-N,Wikidata,""3-(1-piperazinyl)-1,2-benzisothiazole"""
KWTSXDURSIMDCE-UHFFFAOYSA-N,Wikidata,(Â±)-alfa-metilbenzenetanaminas
KWTSXDURSIMDCE-UHFFFAOYSA-N,Wikidata,(Â±)-amphetamine
KWTSXDURSIMDCE-UHFFFAOYSA-N,Wikidata,1-Phenylpropan-2-amin
KWTSXDURSIMDCE-UHFFFAOYSA-N,Wikidata,1-fenilpropan-2-aminas
KWTSXDURSIMDCE-UHFFFAOYSA-N,Wikidata,1-phenyl-2-aminopropane
KWTSXDURSIMDCE-UHFFFAOYSA-N,Wikidata,1-phenylpropan-2-amin
KWTSXDURSIMDCE-UHFFFAOYSA-N,Wikidata,1-è‹¯åŸºä¸™-2-èƒº
KWTSXDURSIMDCE-UHFFFAOYSA-N,Wikidata,Adderall
KWTSXDURSIMDCE-UHFFFAOYSA-N,Wikidata,Adipan
KWTSXDURSIMDCE-UHFFFAOYSA-N,Wikidata,Alfa-metilfenetilaminas
KWTSXDURSIMDCE-UHFFFAOYSA-N,Wikidata,Allodene
KWTSXDURSIMDCE-UHFFFAOYSA-N,Wikidata,Amf
KWTSXDURSIMDCE-UHFFFAOYSA-N,Wikidata,Amfa
KWTSXDURSIMDCE-UHFFFAOYSA-N,Wikidata,Amfetamin
KWTSXDURSIMDCE-UHFFFAOYSA-N,Wikidata,Amfetaminderivat
KWTSXDURSIMDCE-UHFFFAOYSA-N,Wikidata,Amfetamine
KWTSXDURSIMDCE-UHFFFAOYSA-N,Wikidata,Amfetaminea
KWTSXDURSIMDCE-UHFFFAOYSA-N,Wikidata,Amfetaminen
KWTSXDURSIMDCE-UHFFFAOYSA-N,Wikidata,Amfetamines
KWTSXDURSIMDCE-UHFFFAOYSA-N,Wikidata,Amfetamino dariniai
KWTSXDURSIMDCE-UHFFFAOYSA-N,Wikidata,Amfetaminpreparat
KWTSXDURSIMDCE-UHFFFAOYSA-N,Wikidata,Amfetaminsulfat
KWTSXDURSIMDCE-UHFFFAOYSA-N,Wikidata,Amfetaminum
KWTSXDURSIMDCE-UHFFFAOYSA-N,Wikidata,Amphe
KWTSXDURSIMDCE-UHFFFAOYSA-N,Wikidata,Amphet
KWTSXDURSIMDCE-UHFFFAOYSA-N,Wikidata,Amphetamin
KWTSXDURSIMDCE-UHFFFAOYSA-N,Wikidata,Amphetamine
KWTSXDURSIMDCE-UHFFFAOYSA-N,Wikidata,Amphetamine SulfateÂ®
"KWTSXDURSIMDCE-UHFFFAOYSA-N,Wikidata,""Amphetamine, alpha-methylphenethylamine"""
KWTSXDURSIMDCE-UHFFFAOYSA-N,Wikidata,Amphetaminsucht
KWTSXDURSIMDCE-UHFFFAOYSA-N,Wikidata,Anfetaminas
KWTSXDURSIMDCE-UHFFFAOYSA-N,Wikidata,Anfetaminico
KWTSXDURSIMDCE-UHFFFAOYSA-N,Wikidata,Anorexide
KWTSXDURSIMDCE-UHFFFAOYSA-N,Wikidata,Attentin
KWTSXDURSIMDCE-UHFFFAOYSA-N,Wikidata,Bentsedriini
KWTSXDURSIMDCE-UHFFFAOYSA-N,Wikidata,Benzedrin
KWTSXDURSIMDCE-UHFFFAOYSA-N,Wikidata,Benzedrine
KWTSXDURSIMDCE-UHFFFAOYSA-N,Wikidata,BenzedrÄ«ns
KWTSXDURSIMDCE-UHFFFAOYSA-N,Wikidata,Beta-fenil-izopropilaminas
KWTSXDURSIMDCE-UHFFFAOYSA-N,Wikidata,C9H13N
KWTSXDURSIMDCE-UHFFFAOYSA-N,Wikidata,DL-amphetamine
KWTSXDURSIMDCE-UHFFFAOYSA-N,Wikidata,Desoxynorephedrine
KWTSXDURSIMDCE-UHFFFAOYSA-N,Wikidata,Dexamin
KWTSXDURSIMDCE-UHFFFAOYSA-N,Wikidata,Elastonon
KWTSXDURSIMDCE-UHFFFAOYSA-N,Wikidata,FenamÄ«ns
KWTSXDURSIMDCE-UHFFFAOYSA-N,Wikidata,Fenetilamin
KWTSXDURSIMDCE-UHFFFAOYSA-N,Wikidata,Fenilizopropilamin
KWTSXDURSIMDCE-UHFFFAOYSA-N,Wikidata,Isoamyne
KWTSXDURSIMDCE-UHFFFAOYSA-N,Wikidata,Metylfenetylamin
KWTSXDURSIMDCE-UHFFFAOYSA-N,Wikidata,Novydrine
KWTSXDURSIMDCE-UHFFFAOYSA-N,Wikidata,Ortedrine
KWTSXDURSIMDCE-UHFFFAOYSA-N,Wikidata,Pepp
KWTSXDURSIMDCE-UHFFFAOYSA-N,Wikidata,Phenylisopropylamin
KWTSXDURSIMDCE-UHFFFAOYSA-N,Wikidata,Profamina
KWTSXDURSIMDCE-UHFFFAOYSA-N,Wikidata,Raphetamine
KWTSXDURSIMDCE-UHFFFAOYSA-N,Wikidata,Simpatedrin
KWTSXDURSIMDCE-UHFFFAOYSA-N,Wikidata,Simpatina
KWTSXDURSIMDCE-UHFFFAOYSA-N,Wikidata,Speed
KWTSXDURSIMDCE-UHFFFAOYSA-N,Wikidata,Spiidi
KWTSXDURSIMDCE-UHFFFAOYSA-N,Wikidata,SpÃ­tt
KWTSXDURSIMDCE-UHFFFAOYSA-N,Wikidata,aktedron
KWTSXDURSIMDCE-UHFFFAOYSA-N,Wikidata,alfametyylifenetyyliamiini
KWTSXDURSIMDCE-UHFFFAOYSA-N,Wikidata,alpha-Methylbenzeneethaneamine
KWTSXDURSIMDCE-UHFFFAOYSA-N,Wikidata,alpha-Methylphenylethylamine
KWTSXDURSIMDCE-UHFFFAOYSA-N,Wikidata,alpha-methylbenzeneethaneamine
KWTSXDURSIMDCE-UHFFFAOYSA-N,Wikidata,alpha-methylphenethylamine
KWTSXDURSIMDCE-UHFFFAOYSA-N,Wikidata,alpha-methylphenylethylamine
KWTSXDURSIMDCE-UHFFFAOYSA-N,Wikidata,amfetamina
KWTSXDURSIMDCE-UHFFFAOYSA-N,Wikidata,amfetamine
KWTSXDURSIMDCE-UHFFFAOYSA-N,Wikidata,amfetaminy
KWTSXDURSIMDCE-UHFFFAOYSA-N,Wikidata,amfetamÃ­nic
KWTSXDURSIMDCE-UHFFFAOYSA-N,Wikidata,amphetamine
KWTSXDURSIMDCE-UHFFFAOYSA-N,Wikidata,anfetamine
KWTSXDURSIMDCE-UHFFFAOYSA-N,Wikidata,anfetamÃ­nico
KWTSXDURSIMDCE-UHFFFAOYSA-N,Wikidata,astedrin
KWTSXDURSIMDCE-UHFFFAOYSA-N,Wikidata,benzedrin
KWTSXDURSIMDCE-UHFFFAOYSA-N,Wikidata,benzedrina
KWTSXDURSIMDCE-UHFFFAOYSA-N,Wikidata,benzedrine
KWTSXDURSIMDCE-UHFFFAOYSA-N,Wikidata,benzedryna
KWTSXDURSIMDCE-UHFFFAOYSA-N,Wikidata,benzÃ¨drine
KWTSXDURSIMDCE-UHFFFAOYSA-N,Wikidata,benzÃ©drine
KWTSXDURSIMDCE-UHFFFAOYSA-N,Wikidata,beta-Aminopropylbenzene
KWTSXDURSIMDCE-UHFFFAOYSA-N,Wikidata,beta-Phenylisopropylamin
KWTSXDURSIMDCE-UHFFFAOYSA-N,Wikidata,beta-Phenylisopropylamine
KWTSXDURSIMDCE-UHFFFAOYSA-N,Wikidata,beta-aminopropylbenzene
KWTSXDURSIMDCE-UHFFFAOYSA-N,Wikidata,beta-phenylisopropylamin
KWTSXDURSIMDCE-UHFFFAOYSA-N,Wikidata,beta-phenylisopropylamine
KWTSXDURSIMDCE-UHFFFAOYSA-N,Wikidata,desoxynorephedrine
KWTSXDURSIMDCE-UHFFFAOYSA-N,Wikidata,dexedrin
KWTSXDURSIMDCE-UHFFFAOYSA-N,Wikidata,elastenon
KWTSXDURSIMDCE-UHFFFAOYSA-N,Wikidata,fenylopropyloamina
KWTSXDURSIMDCE-UHFFFAOYSA-N,Wikidata,goey
KWTSXDURSIMDCE-UHFFFAOYSA-N,Wikidata,louee
KWTSXDURSIMDCE-UHFFFAOYSA-N,Wikidata,psychoton
KWTSXDURSIMDCE-UHFFFAOYSA-N,Wikidata,rac-(2R)-1-phenylpropan-2-amine
KWTSXDURSIMDCE-UHFFFAOYSA-N,Wikidata,rac-amphetamine
KWTSXDURSIMDCE-UHFFFAOYSA-N,Wikidata,simpamina
KWTSXDURSIMDCE-UHFFFAOYSA-N,Wikidata,speed
KWTSXDURSIMDCE-UHFFFAOYSA-N,Wikidata,uppers
KWTSXDURSIMDCE-UHFFFAOYSA-N,Wikidata,whiz
KWTSXDURSIMDCE-UHFFFAOYSA-N,Wikidata,Î‘-metil-2-feniletilamin
KWTSXDURSIMDCE-UHFFFAOYSA-N,Wikidata,Î‘Î¼Ï†ÎµÏ„Î±Î¼Î¯Î½ÎµÏ‚
KWTSXDURSIMDCE-UHFFFAOYSA-N,Wikidata,Î±-methylbenzeneethaneamine
KWTSXDURSIMDCE-UHFFFAOYSA-N,Wikidata,Î±-methylphenethylamine
KWTSXDURSIMDCE-UHFFFAOYSA-N,Wikidata,Î±-ç”²åŸºè‹¯ä¹™èƒº
KWTSXDURSIMDCE-UHFFFAOYSA-N,Wikidata,Î²-aminopropylbenzene
KWTSXDURSIMDCE-UHFFFAOYSA-N,Wikidata,Î²-phenylisopropylamine
KWTSXDURSIMDCE-UHFFFAOYSA-N,Wikidata,Î²-è‹¯å¼‚ä¸™èƒº
KWTSXDURSIMDCE-UHFFFAOYSA-N,Wikidata,ÐÐ¼Ñ„ÐµÑ‚Ð°Ð¼Ð¸Ð½Ð¸
KWTSXDURSIMDCE-UHFFFAOYSA-N,Wikidata,Ð¡Ð¿Ð¸Ð´Ñ‹
KWTSXDURSIMDCE-UHFFFAOYSA-N,Wikidata,Ð¤ÐµÐ½Ð°Ð¼Ð¸Ð½
KWTSXDURSIMDCE-UHFFFAOYSA-N,Wikidata,Ð°Ð¼Ñ„ÐµÑ‚Ð°Ð¼Ñ–Ð½Ð¸
KWTSXDURSIMDCE-UHFFFAOYSA-N,Wikidata,Ñ„ÐµÐ½Ð°Ð¼Ñ–Ð½
KWTSXDURSIMDCE-UHFFFAOYSA-N,Wikidata,××ž×¤×˜×ž×™× ×™×
KWTSXDURSIMDCE-UHFFFAOYSA-N,Wikidata,×‘× ×–×•×“×¨×™×Ÿ
KWTSXDURSIMDCE-UHFFFAOYSA-N,Wikidata,Ø§Ù„Ø£Ù…ÙÙŠØªØ§Ù…ÙŠÙ†
KWTSXDURSIMDCE-UHFFFAOYSA-N,Wikidata,Ø§Ù…ÙØªØ§Ù…ÛŒÙ†
KWTSXDURSIMDCE-UHFFFAOYSA-N,Wikidata,ã‚¼ãƒ‰ãƒªãƒ³
KWTSXDURSIMDCE-UHFFFAOYSA-N,Wikidata,ãƒ™ãƒ³ã‚¼ãƒ‰ãƒªãƒ³
KWTSXDURSIMDCE-UHFFFAOYSA-N,Wikidata,å®‰éžä»–å‘½
KWTSXDURSIMDCE-UHFFFAOYSA-N,Wikidata,å®‰éžä»–æ˜Ž
KWTSXDURSIMDCE-UHFFFAOYSA-N,Wikidata,æ°¨åŸºä¸™è‹¯
LGQCVMYAEFTEFN-JCURWCKSSA-N,Wikidata,(-)-ANMC
"LGQCVMYAEFTEFN-JCURWCKSSA-N,Wikidata,""(-)-SKF-10,047"""
LGQCVMYAEFTEFN-JCURWCKSSA-N,Wikidata,Alilnormetazocin
LGQCVMYAEFTEFN-JCURWCKSSA-N,Wikidata,N-allylnormetazocine
LGQCVMYAEFTEFN-JCURWCKSSA-N,Wikidata,SKF 10047
LGQCVMYAEFTEFN-JCURWCKSSA-N,Wikidata,SKF-10047
LGQCVMYAEFTEFN-JCURWCKSSA-N,Wikidata,alazocine
LJBBMCNHIUJBDU-UHFFFAOYSA-N,ChEMBL,TALOPRAM
LJBBMCNHIUJBDU-UHFFFAOYSA-N,Wikidata,Phthalapromine
LJBBMCNHIUJBDU-UHFFFAOYSA-N,Wikidata,Talopram
LJBBMCNHIUJBDU-UHFFFAOYSA-N,Wikidata,talopram
"LPMIMPZUXJWRJJ-UHFFFAOYSA-N,Wikidata,""N,N-Dipropyl-2-(4-methoxy-3-(2-phenylethoxy)phenyl)ethylamine monohydrochloride"""
LRLKZVMLJBNNPE-SNAWJCMRSA-N,ChEMBL,CINTRAMIDA
LRLKZVMLJBNNPE-SNAWJCMRSA-N,ChEMBL,CINTRAMIDE
LRLKZVMLJBNNPE-SNAWJCMRSA-N,ChEMBL,CINTRIAMIDE
LRLKZVMLJBNNPE-SNAWJCMRSA-N,ChEMBL,CINTRIAMIDE
LRLKZVMLJBNNPE-SNAWJCMRSA-N,ChEMBL,NSC-170963
LRLKZVMLJBNNPE-SNAWJCMRSA-N,Wikidata,cintriamide
LSQXZIUREIDSHZ-ZJZGAYNASA-N,Wikidata,Morphiceptin
LUCXVPAZUDVVBT-UNTBIKODSA-N,ChEMBL,ATOMOXETINE (AS HYDROCHLORIDE)
LUCXVPAZUDVVBT-UNTBIKODSA-N,ChEMBL,ATOMOXETINE HCL
LUCXVPAZUDVVBT-UNTBIKODSA-N,ChEMBL,ATOMOXETINE HYDROCHLORIDE
LUCXVPAZUDVVBT-UNTBIKODSA-N,ChEMBL,ATOMOXETINE HYDROCHLORIDE
LUCXVPAZUDVVBT-UNTBIKODSA-N,ChEMBL,ATOMOXETINE HYDROCHLORIDE
LUCXVPAZUDVVBT-UNTBIKODSA-N,ChEMBL,ATOMOXETINE HYDROCHLORIDE
LUCXVPAZUDVVBT-UNTBIKODSA-N,ChEMBL,ATOMOXETINE HYDROCHLORIDE
LUCXVPAZUDVVBT-UNTBIKODSA-N,ChEMBL,ATOMOXETINE HYDROCHLORIDE
LUCXVPAZUDVVBT-UNTBIKODSA-N,ChEMBL,ATOMOXETINE HYDROCHLORIDE
LUCXVPAZUDVVBT-UNTBIKODSA-N,ChEMBL,ATOMOXETINE HYDROCHLORIDE
LUCXVPAZUDVVBT-UNTBIKODSA-N,ChEMBL,LY-139603
LUCXVPAZUDVVBT-UNTBIKODSA-N,ChEMBL,NSC-759104
LUCXVPAZUDVVBT-UNTBIKODSA-N,ChEMBL,(R)-(-)-TOMOXETINE HYDROCHLORIDE
LUCXVPAZUDVVBT-UNTBIKODSA-N,ChEMBL,STRATTERA
LUCXVPAZUDVVBT-UNTBIKODSA-N,ChEMBL,TOMOXETINE
LUCXVPAZUDVVBT-UNTBIKODSA-N,ChEMBL,TOMOXETINE HYDROCHLORIDE
LUCXVPAZUDVVBT-UNTBIKODSA-N,Wikidata,(-)-N-Methyl-3-phenyl-3-(o-tolyloxy)propylamine hydrochloride
LUCXVPAZUDVVBT-UNTBIKODSA-N,Wikidata,(R)-(-)-Tomoxetine hydrochloride
LUCXVPAZUDVVBT-UNTBIKODSA-N,Wikidata,(R)-Tomoxetine hydrochloride
LUCXVPAZUDVVBT-UNTBIKODSA-N,Wikidata,Atomoxetine HCl
LUCXVPAZUDVVBT-UNTBIKODSA-N,Wikidata,Tomoxetine hydrochloride
LUCXVPAZUDVVBT-UNTBIKODSA-N,Wikidata,atomoxetine hydrochloride
LUCXVPAZUDVVBT-UNTBIKODSA-N,Wikidata,atomoxÃ©tine (chlorhydrate d')
LWYXFDXUMVEZKS-ZVFOLQIPSA-N,ChEMBL,METHYSERGIDE HYDROGEN MALEATE
LWYXFDXUMVEZKS-ZVFOLQIPSA-N,ChEMBL,METHYSERGIDE MALEATE
LWYXFDXUMVEZKS-ZVFOLQIPSA-N,ChEMBL,NSC-759143
LWYXFDXUMVEZKS-ZVFOLQIPSA-N,ChEMBL,SANSERT
LWYXFDXUMVEZKS-ZVFOLQIPSA-N,Wikidata,methysergide maleate
LZFSKNPPWIFMFL-UHFFFAOYSA-N,Wikidata,seperidol
MHNSPTUQQIYJOT-UHFFFAOYSA-N,ChEMBL,DOXEPIN HCL
MHNSPTUQQIYJOT-UHFFFAOYSA-N,ChEMBL,DOXEPIN HYDROCHLORIDE
MHNSPTUQQIYJOT-UHFFFAOYSA-N,ChEMBL,DOXEPIN HYDROCHLORIDE
MHNSPTUQQIYJOT-UHFFFAOYSA-N,ChEMBL,DOXEPIN HYDROCHLORIDE
MHNSPTUQQIYJOT-UHFFFAOYSA-N,ChEMBL,DOXEPIN HYDROCHLORIDE
MHNSPTUQQIYJOT-UHFFFAOYSA-N,ChEMBL,DOXEPIN HYDROCHLORIDE
MHNSPTUQQIYJOT-UHFFFAOYSA-N,ChEMBL,DOXEPIN HYDROCHLORIDE
MHNSPTUQQIYJOT-UHFFFAOYSA-N,ChEMBL,DOXEPIN HYDROCHLORIDE
MHNSPTUQQIYJOT-UHFFFAOYSA-N,ChEMBL,DOXEPIN HYDROCHLORIDE
MHNSPTUQQIYJOT-UHFFFAOYSA-N,ChEMBL,NSC-108160
MHNSPTUQQIYJOT-UHFFFAOYSA-N,ChEMBL,P-3693A
MHNSPTUQQIYJOT-UHFFFAOYSA-N,ChEMBL,Quitaxon
MHNSPTUQQIYJOT-UHFFFAOYSA-N,ChEMBL,SILENOR
MHNSPTUQQIYJOT-UHFFFAOYSA-N,ChEMBL,SINEQUAN
MHNSPTUQQIYJOT-UHFFFAOYSA-N,ChEMBL,XEPIN
MHNSPTUQQIYJOT-UHFFFAOYSA-N,ChEMBL,ZONALON
NBODAQXRWMHEBP-UHFFFAOYSA-N,ChEMBL,FLUBANILATE
NBODAQXRWMHEBP-UHFFFAOYSA-N,ChEMBL,FLUBANILATO
NBODAQXRWMHEBP-UHFFFAOYSA-N,Wikidata,flubanilate
NCAIGTHBQTXTLR-UHFFFAOYSA-N,ChEMBL,ADIPEX-P
NCAIGTHBQTXTLR-UHFFFAOYSA-N,ChEMBL,FASTIN
NCAIGTHBQTXTLR-UHFFFAOYSA-N,ChEMBL,LOMAIRA
NCAIGTHBQTXTLR-UHFFFAOYSA-N,ChEMBL,NSC-44090
NCAIGTHBQTXTLR-UHFFFAOYSA-N,ChEMBL,OBESTIN-30
NCAIGTHBQTXTLR-UHFFFAOYSA-N,ChEMBL,OBY-TRIM
NCAIGTHBQTXTLR-UHFFFAOYSA-N,ChEMBL,ONA-MAST
NCAIGTHBQTXTLR-UHFFFAOYSA-N,ChEMBL,PHENTERMINE HCL
NCAIGTHBQTXTLR-UHFFFAOYSA-N,ChEMBL,PHENTERMINE HYDROCHLORIDE
NCAIGTHBQTXTLR-UHFFFAOYSA-N,ChEMBL,PHENTERMINE HYDROCHLORIDE
NCAIGTHBQTXTLR-UHFFFAOYSA-N,ChEMBL,PHENTERMINE HYDROCHLORIDE
NCAIGTHBQTXTLR-UHFFFAOYSA-N,ChEMBL,PHENTERMINE HYDROCHLORIDE
NCAIGTHBQTXTLR-UHFFFAOYSA-N,ChEMBL,PHENTERMINE HYDROCHLORIDE CIV
NCAIGTHBQTXTLR-UHFFFAOYSA-N,ChEMBL,PHENTERMINE HYDROCHLORIDE COMPONENT OF QSYMIA
NCAIGTHBQTXTLR-UHFFFAOYSA-N,ChEMBL,SUPRENZA
NCAIGTHBQTXTLR-UHFFFAOYSA-N,ChEMBL,TORA
NCAIGTHBQTXTLR-UHFFFAOYSA-N,ChEMBL,WILPO
NCAIGTHBQTXTLR-UHFFFAOYSA-N,ChEMBL,ZANTRYL
NCAIGTHBQTXTLR-UHFFFAOYSA-N,Wikidata,1-Phenyl-2-methyl-2-aminopropane hydrochloride
"NCAIGTHBQTXTLR-UHFFFAOYSA-N,Wikidata,""Benzeneethanamine, alpha,alpha-dimethyl, hydrochloride"""
NCAIGTHBQTXTLR-UHFFFAOYSA-N,Wikidata,Phenyl-t-butylamine hydrochloride
NCAIGTHBQTXTLR-UHFFFAOYSA-N,Wikidata,phentermine hydrochloride
NEKCRUIRPWNMLK-SCIYSFAVSA-N,Wikidata,lurasidone hydrochloride
NGBBVGZWCFBOGO-UHFFFAOYSA-N,ChEMBL,EA-1299
NGBBVGZWCFBOGO-UHFFFAOYSA-N,ChEMBL,MDA
NGBBVGZWCFBOGO-UHFFFAOYSA-N,ChEMBL,MDA (PSYCHEDELIC)
NGBBVGZWCFBOGO-UHFFFAOYSA-N,ChEMBL,METHYLENE DIOXYAMPHETAMINE
NGBBVGZWCFBOGO-UHFFFAOYSA-N,ChEMBL,SKF-5
NGBBVGZWCFBOGO-UHFFFAOYSA-N,ChEMBL,TENAMFETAMINE
NGBBVGZWCFBOGO-UHFFFAOYSA-N,ChEMBL,TENAMFETAMINE
NGBBVGZWCFBOGO-UHFFFAOYSA-N,ChEMBL,TENANFETAMINA
"NGBBVGZWCFBOGO-UHFFFAOYSA-N,Wikidata,""3,4-MDA"""
"NGBBVGZWCFBOGO-UHFFFAOYSA-N,Wikidata,""3,4-Methylenedioxyamphetamine"""
"NGBBVGZWCFBOGO-UHFFFAOYSA-N,Wikidata,""3,4-methylenedioxyamphetamine"""
"NGBBVGZWCFBOGO-UHFFFAOYSA-N,Wikidata,""3,4-äºžç”²åŸºäºŒæ°§åŸºç”²åŸºè‹¯ä¸™èƒº"""
NGBBVGZWCFBOGO-UHFFFAOYSA-N,Wikidata,MDA
NGBBVGZWCFBOGO-UHFFFAOYSA-N,Wikidata,Methylendioxyamphetamin
NGBBVGZWCFBOGO-UHFFFAOYSA-N,Wikidata,Tenamfetamina
NGBBVGZWCFBOGO-UHFFFAOYSA-N,Wikidata,methylendioxyamphetamine
